date,pred_total,yhat_lower,yhat_upper,pred_peak_hour,pred_peak_rps,est_max_concurrent
2025-12-30,433849,298571.0419360838,580866.6228902579,78093,21.692453386454144,108.5
2025-12-31,432508,297970.0519968388,566920.5125338031,77851,21.6254154791357,108.1
2026-01-01,489820,347199.2265851177,627595.295510984,88168,24.490988803033716,122.5
2026-01-02,505610,367164.88833229244,648147.0805246934,91010,25.28048874813551,126.4
2026-01-03,463056,328370.6970703721,612150.1160375824,83350,23.152812719608423,115.8
2026-01-04,278359,151162.26393509834,413116.55563092243,50105,13.917970685081787,69.6
2026-01-05,234763,94907.57810799769,378820.0397429877,42257,11.738128438862041,58.7
2026-01-06,129945,0.0,269358.9374589281,23390,6.497253209167346,32.5
2026-01-07,0,0.0,11410.370107118018,0,0.0,0.0
2026-01-08,0,0.0,0.0,0,0.0,0.0
2026-01-09,0,0.0,0.0,0,0.0,0.0
2026-01-10,0,0.0,0.0,0,0.0,0.0
2026-01-11,0,0.0,0.0,0,0.0,0.0
2026-01-12,0,0.0,0.0,0,0.0,0.0
2026-01-13,0,0.0,0.0,0,0.0,0.0
2026-01-14,0,0.0,0.0,0,0.0,0.0
2026-01-15,0,0.0,0.0,0,0.0,0.0
2026-01-16,0,0.0,0.0,0,0.0,0.0
2026-01-17,0,0.0,0.0,0,0.0,0.0
2026-01-18,0,0.0,0.0,0,0.0,0.0
2026-01-19,0,0.0,0.0,0,0.0,0.0
2026-01-20,0,0.0,0.0,0,0.0,0.0
2026-01-21,0,0.0,0.0,0,0.0,0.0
2026-01-22,0,0.0,0.0,0,0.0,0.0
2026-01-23,0,0.0,0.0,0,0.0,0.0
2026-01-24,0,0.0,0.0,0,0.0,0.0
2026-01-25,0,0.0,0.0,0,0.0,0.0
2026-01-26,0,0.0,0.0,0,0.0,0.0
2026-01-27,0,0.0,0.0,0,0.0,0.0
2026-01-28,0,0.0,0.0,0,0.0,0.0
2026-01-29,0,0.0,0.0,0,0.0,0.0
2026-01-30,0,0.0,0.0,0,0.0,0.0
2026-01-31,0,0.0,0.0,0,0.0,0.0
2026-02-01,0,0.0,0.0,0,0.0,0.0
2026-02-02,0,0.0,0.0,0,0.0,0.0
2026-02-03,0,0.0,0.0,0,0.0,0.0
2026-02-04,0,0.0,0.0,0,0.0,0.0
2026-02-05,0,0.0,0.0,0,0.0,0.0
2026-02-06,0,0.0,0.0,0,0.0,0.0
2026-02-07,0,0.0,0.0,0,0.0,0.0
2026-02-08,0,0.0,0.0,0,0.0,0.0
2026-02-09,0,0.0,0.0,0,0.0,0.0
2026-02-10,0,0.0,0.0,0,0.0,0.0
2026-02-11,0,0.0,0.0,0,0.0,0.0
2026-02-12,0,0.0,0.0,0,0.0,0.0
2026-02-13,0,0.0,0.0,0,0.0,0.0
2026-02-14,0,0.0,0.0,0,0.0,0.0
2026-02-15,0,0.0,0.0,0,0.0,0.0
2026-02-16,0,0.0,0.0,0,0.0,0.0
2026-02-17,0,0.0,0.0,0,0.0,0.0
2026-02-18,0,0.0,0.0,0,0.0,0.0
2026-02-19,0,0.0,0.0,0,0.0,0.0
2026-02-20,0,0.0,0.0,0,0.0,0.0
2026-02-21,0,0.0,0.0,0,0.0,0.0
2026-02-22,0,0.0,0.0,0,0.0,0.0
2026-02-23,0,0.0,0.0,0,0.0,0.0
2026-02-24,0,0.0,0.0,0,0.0,0.0
2026-02-25,0,0.0,0.0,0,0.0,0.0
2026-02-26,0,0.0,0.0,0,0.0,0.0
2026-02-27,0,0.0,0.0,0,0.0,0.0
2026-02-28,0,0.0,0.0,0,0.0,0.0
2026-03-01,5476483,5342826.105504262,5621341.191670822,985767,273.8241424406536,1369.1
2026-03-02,19736002,19589825.694975503,19877514.348533634,3552480,986.8000970689725,4934.0
2026-03-03,33797256,33652710.15788207,33936919.77510222,6083506,1689.862809090694,8449.3
2026-03-04,47401612,47272705.86812424,47547835.9946593,8532290,2370.0806211858403,11850.4
2026-03-05,60530614,60390811.73031192,60669678.505677,10895511,3026.5307130679444,15132.7
2026-03-06,72923248,72784288.07512236,73070478.48942599,13126185,3646.162405709975,18230.8
2026-03-07,84412107,84273325.99543078,84553241.34848914,15194179,4220.6053614233115,21103.0
2026-03-08,94776165,94632155.59834976,94912639.5501833,17059710,4738.808238902844,23694.0
2026-03-09,104177720,104031105.60511237,104317482.5040962,18751990,5208.886008585425,26044.4
2026-03-10,112312470,112178739.90779945,112449055.26089107,20216245,5615.623520819697,28078.1
2026-03-11,119001466,118862099.91136654,119148022.40893395,21420264,5950.073279063169,29750.4
2026-03-12,124324736,124180529.36489011,124477305.53514464,22378452,6216.236779377949,31081.2
2026-03-13,128137090,128001542.02884586,128281503.44536021,23064676,6406.854519463823,32034.3
2026-03-14,130402424,130251655.8932283,130534764.31536376,23472436,6520.121207281339,32600.6
2026-03-15,131044264,130900373.14291248,131187429.02497205,23587968,6552.213209681807,32761.1
2026-03-16,130380168,130236681.95741935,130520276.02288848,23468430,6519.008378193833,32595.0
2026-03-17,128268964,128127807.74408309,128411145.70201966,23088413,6413.448193755116,32067.2
2026-03-18,124699658,124557535.65731487,124839230.16845661,22445938,6234.982905712712,31174.9
2026-03-19,119921841,119788293.61901267,120065459.05859482,21585931,5996.092069302183,29980.5
2026-03-20,113958178,113817903.37251674,114091640.58358449,20512472,5697.908884930425,28489.5
2026-03-21,106935367,106795929.14918435,107073929.42035788,19248366,5346.768356007697,26733.8
2026-03-22,98931398,98776960.60767208,99066390.99369934,17807652,4946.569902496741,24732.8
2026-03-23,90406764,90268819.73504664,90550230.2398853,16273217,4520.338193298928,22601.7
2026-03-24,81348714,81211101.16922529,81490146.39996636,14642769,4067.435710908421,20337.2
2026-03-25,71857423,71725533.16336446,71997016.93478285,12934336,3592.871157188855,17964.4
2026-03-26,62273986,62140435.29124567,62415843.32524135,11209318,3113.6993174223953,15568.5
2026-03-27,52690874,52549758.55270332,52832002.72240013,9484357,2634.543699483803,13172.7
2026-03-28,43281290,43136437.32888185,43435834.42793197,7790632,2164.064505724647,10820.3
2026-03-29,34145294,33998501.79382361,34273120.06996608,6146153,1707.2646769714643,8536.3
2026-03-30,25740388,25606042.391785286,25884602.998837758,4633270,1287.0193787632604,6435.1
2026-03-31,18025670,17891596.227345992,18173069.392439995,3244621,901.2835088963694,4506.4
2026-04-01,11048437,10904534.18620641,11184631.306462174,1988719,552.4218255759004,2762.1
2026-04-02,5073144,4933570.749691778,5208044.92226956,913166,253.6572074730993,1268.3
2026-04-03,93353,0.0,231137.12859902912,16804,4.667653285724297,23.3
2026-04-04,0,0.0,0.0,0,0.0,0.0
2026-04-05,0,0.0,0.0,0,0.0,0.0
2026-04-06,0,0.0,0.0,0,0.0,0.0
2026-04-07,0,0.0,0.0,0,0.0,0.0
2026-04-08,0,0.0,0.0,0,0.0,0.0
2026-04-09,0,0.0,0.0,0,0.0,0.0
2026-04-10,0,0.0,0.0,0,0.0,0.0
2026-04-11,0,0.0,0.0,0,0.0,0.0
2026-04-12,2751417,2616033.68343871,2888771.160569823,495255,137.57086616827831,687.9
2026-04-13,7270755,7142513.120352388,7412723.749366496,1308736,363.53773624728063,1817.7
2026-04-14,12155697,12019080.133382676,12301679.225650838,2188025,607.7848506844588,3038.9
2026-04-15,17155019,17016150.361823387,17296606.511718653,3087903,857.7509414726386,4288.8
2026-04-16,22249996,22103947.385390066,22387015.103735615,4004999,1112.4998013209963,5562.5
2026-04-17,27172558,27041319.970952842,27317851.90887088,4891060,1358.6278846181694,6793.1
2026-04-18,31742399,31601177.809768103,31876240.241206773,5713632,1587.1199276739942,7935.6
2026-04-19,35720738,35573405.42785284,35871852.67933276,6429733,1786.0368762956984,8930.2
2026-04-20,39248262,39100122.2675142,39388777.18181939,7064687,1962.4130885148938,9812.1
2026-04-21,41996185,41839564.13085426,42151671.85328283,7559313,2099.809229844025,10499.0
2026-04-22,43759155,43616656.60494319,43909465.47373471,7876648,2187.957726929716,10939.8
2026-04-23,44589783,44450687.305624336,44725510.3528021,8026161,2229.4891658524157,11147.4
2026-04-24,44315278,44177550.460473806,44458688.67773253,7976750,2215.7638933224785,11078.8
2026-04-25,42872493,42725026.727788106,43011666.04002107,7717049,2143.624650233195,10718.1
2026-04-26,40159135,40013995.94911163,40298276.09253737,7228644,2007.956731433911,10039.8
2026-04-27,36468708,36333914.20797171,36625389.8003171,6564368,1823.4354215129958,9117.2
2026-04-28,31638208,31503992.118880685,31773151.11055912,5694878,1581.9104204637922,7909.6
2026-04-29,25637357,25487699.442592006,25770346.23718903,4614724,1281.8678621109518,6409.3
2026-04-30,18699248,18548086.183034256,18837122.293337826,3365865,934.9624041615668,4674.8
2026-05-01,10832960,10691809.660035731,10973801.148121623,1949933,541.6480029358613,2708.2
2026-05-02,2154554,2003656.3529828314,2297104.1791310785,387820,107.72771901534139,538.6
2026-05-03,0,0.0,0.0,0,0.0,0.0
2026-05-04,0,0.0,0.0,0,0.0,0.0
2026-05-05,0,0.0,0.0,0,0.0,0.0
2026-05-06,0,0.0,0.0,0,0.0,0.0
2026-05-07,0,0.0,0.0,0,0.0,0.0
2026-05-08,0,0.0,0.0,0,0.0,0.0
2026-05-09,0,0.0,0.0,0,0.0,0.0
2026-05-10,0,0.0,0.0,0,0.0,0.0
2026-05-11,0,0.0,0.0,0,0.0,0.0
2026-05-12,0,0.0,0.0,0,0.0,0.0
2026-05-13,0,0.0,0.0,0,0.0,0.0
2026-05-14,0,0.0,0.0,0,0.0,0.0
2026-05-15,0,0.0,0.0,0,0.0,0.0
2026-05-16,0,0.0,0.0,0,0.0,0.0
2026-05-17,0,0.0,0.0,0,0.0,0.0
2026-05-18,0,0.0,0.0,0,0.0,0.0
2026-05-19,0,0.0,0.0,0,0.0,0.0
2026-05-20,0,0.0,0.0,0,0.0,0.0
2026-05-21,0,0.0,0.0,0,0.0,0.0
2026-05-22,0,0.0,0.0,0,0.0,0.0
2026-05-23,0,0.0,0.0,0,0.0,0.0
2026-05-24,0,0.0,0.0,0,0.0,0.0
2026-05-25,0,0.0,0.0,0,0.0,0.0
2026-05-26,0,0.0,0.0,0,0.0,0.0
2026-05-27,0,0.0,0.0,0,0.0,0.0
2026-05-28,0,0.0,0.0,0,0.0,0.0
2026-05-29,0,0.0,0.0,0,0.0,0.0
2026-05-30,0,0.0,0.0,0,0.0,0.0
2026-05-31,0,0.0,0.0,0,0.0,0.0
2026-06-01,6439639,6304363.204754936,6589761.342148439,1159135,321.98196362532786,1609.9
2026-06-02,15693248,15543632.772077767,15821338.706087492,2824785,784.6624045934168,3923.3
2026-06-03,24128872,23991824.509725038,24273915.574132368,4343197,1206.443591103205,6032.2
2026-06-04,31775565,31627416.93872074,31919400.204107728,5719602,1588.7782512059734,7943.9
2026-06-05,38434825,38288672.76821393,38574361.138441436,6918269,1921.7412501851782,9608.7
2026-06-06,44015652,43872841.40130847,44157141.01180043,7922817,2200.7825750530224,11003.9
2026-06-07,48385795,48244476.57094064,48534862.71517892,8709443,2419.2897477345996,12096.4
2026-06-08,51806795,51656124.470625535,51949455.10278743,9325223,2590.33975899277,12951.7
2026-06-09,54081811,53941265.81092265,54221110.05293222,9734726,2704.090541671609,13520.5
2026-06-10,55145057,55006383.81768511,55281625.97486481,9926110,2757.2528366856513,13786.3
2026-06-11,55192702,55053333.35309911,55331291.44321115,9934686,2759.635111625039,13798.2
2026-06-12,54195805,54051833.07642285,54337831.29667527,9755245,2709.7902427960753,13549.0
2026-06-13,52231686,52081221.678960264,52367667.64189343,9401704,2611.584310017725,13057.9
2026-06-14,49331569,49197320.19709314,49476718.39298288,8879683,2466.5784722383314,12332.9
2026-06-15,45912160,45770286.07779798,46056094.5775278,8264189,2295.6079908363536,11478.0
2026-06-16,41920243,41773494.58169484,42053295.447514705,7545644,2096.0121671550282,10480.1
2026-06-17,37419190,37270915.318557225,37555503.211101055,6735454,1870.9594853014044,9354.8
2026-06-18,32717273,32590056.38193959,32861040.697992567,5889109,1635.8636721111584,8179.3
2026-06-19,27878440,27739195.40548583,28012133.477499425,5018119,1393.9219865504533,6969.6
2026-06-20,23051964,22908679.546724156,23198801.337663908,4149353,1152.5981852828763,5763.0
2026-06-21,18318854,18173603.892004818,18468575.031914,3297394,915.9426851336084,4579.7
2026-06-22,14122699,13986798.388823185,14256623.789745485,2542086,706.1349699475387,3530.7
2026-06-23,10414048,10274690.421637531,10554561.50917495,1874529,520.7024036820718,2603.5
2026-06-24,7237191,7096968.856929248,7384343.677407288,1302694,361.8595514172384,1809.3
2026-06-25,4859259,4726180.5152645325,5005659.06647657,874667,242.9629607206574,1214.8
2026-06-26,3282228,3141965.0969228554,3421317.2381301927,590801,164.11141378598046,820.6
2026-06-27,2574246,2421728.079493472,2717358.00684531,463364,128.71229284942132,643.6
